CREATE DATABASE IF NOT EXISTS airline_db;
USE airline_db;

CREATE TABLE IF NOT EXISTS flights (
    flight_no VARCHAR(10) PRIMARY KEY,
    departure_city VARCHAR(50) NOT NULL,
    destination_city VARCHAR(50) NOT NULL,
    departure_time VARCHAR(10) NOT NULL,
    arrival_time VARCHAR(10) NOT NULL,
    duration VARCHAR(10) NOT NULL,
    price DECIMAL(10,2) NOT NULL,
    status VARCHAR(20) NOT NULL
);

INSERT INTO flights VALUES
('PK201', 'Karachi', 'Lahore', '10:00 AM', '12:00 PM', '2h', 25000.00, 'Available'),
('PK102', 'Lahore', 'Karachi', '5:00 PM', '7:00 PM', '2h', 25000.00, 'Available'),
('PK208', 'Islamabad', 'Karachi', '8:00 AM', '10:00 AM', '2h', 28000.00, 'Available'),
('PK305', 'Islamabad', 'Lahore', '2:00 PM', '3:00 PM', '1h', 18000.00, 'Available'),
('PK410', 'Peshawar', 'Quetta', '11:00 AM', '1:00 PM', '2h', 30000.00, 'Available'),
('PK150', 'Karachi', 'Dubai', '11:00 PM', '1:00 AM', '2h', 85000.00, 'Available'),
('PK151', 'Dubai', 'Karachi', '3:00 AM', '5:00 AM', '2h', 53000.00, 'Available'),
('PK302', 'Islamabad', 'Jeddah', '3:00 PM', '6:00 PM', '3h', 95000.00, 'Available'),
('PK401', 'Lahore', 'Abu Dhabi', '1:00 AM', '4:00 AM', '3h', 90000.00, 'Available'),
('PK501', 'Karachi', 'London', '9:00 PM', '6:00 AM', '7h', 120000.00, 'Available'),
('PK801', 'Karachi', 'New York', '11:30 PM', '12:30 PM', '15h', 180000.00, 'Available'),
('PK902', 'Islamabad', 'Tokyo', '2:00 AM', '4:00 PM', '12h', 160000.00, 'Available'),
('PK601', 'Islamabad', 'Paris', '10:00 PM', '4:00 AM', '8h', 140000.00, 'Available'),
('PK701', 'Multan', 'Karachi', '6:00 AM', '8:00 AM', '2h', 22000.00, 'Available'),
('PK702', 'Karachi', 'Multan', '4:00 PM', '6:00 PM', '2h', 22000.00, 'Available'),
('PK703', 'Faisalabad', 'Lahore', '9:00 AM', '9:40 AM', '40m', 15000.00, 'Available'),
('PK704', 'Lahore', 'Faisalabad', '11:00 AM', '11:40 AM', '40m', 15000.00, 'Available'),
('PK705', 'Sialkot', 'Karachi', '5:00 PM', '7:00 PM', '2h', 24000.00, 'Available'),
('PK706', 'Karachi', 'Sialkot', '7:30 AM', '9:30 AM', '2h', 24000.00, 'Available'),
('PK707', 'Quetta', 'Islamabad', '12:00 PM', '2:00 PM', '2h', 27000.00, 'Available'),
('PK708', 'Islamabad', 'Quetta', '3:00 PM', '5:00 PM', '2h', 27000.00, 'Available'),
('PK709', 'Bahawalpur', 'Lahore', '8:00 AM', '9:15 AM', '1h15m', 19000.00, 'Available'),
('PK710', 'Lahore', 'Bahawalpur', '6:30 PM', '7:45 PM', '1h15m', 19000.00, 'Available'),
('PK711', 'Gilgit', 'Islamabad', '7:00 AM', '8:00 AM', '1h', 22000.00, 'Available'),
('PK712', 'Islamabad', 'Gilgit', '9:00 AM', '10:00 AM', '1h', 22000.00, 'Available'),
('PK713', 'Skardu', 'Karachi', '10:00 AM', '12:30 PM', '2h30m', 30000.00, 'Available'),
('PK714', 'Karachi', 'Skardu', '2:00 PM', '4:30 PM', '2h30m', 30000.00, 'Available'),
('PK715', 'Gwadar', 'Karachi', '11:00 AM', '12:15 PM', '1h15m', 18000.00, 'Available'),
('PK716', 'Karachi', 'Gwadar', '1:00 PM', '2:15 PM', '1h15m', 18000.00, 'Available'),
('PK717', 'Multan', 'Islamabad', '6:00 PM', '7:30 PM', '1h30m', 21000.00, 'Available'),
('PK718', 'Islamabad', 'Multan', '8:00 AM', '9:30 AM', '1h30m', 21000.00, 'Available'),
('PK719', 'Peshawar', 'Lahore', '10:00 AM', '11:00 AM', '1h', 20000.00, 'Available'),
('PK720', 'Lahore', 'Peshawar', '3:00 PM', '4:00 PM', '1h', 20000.00, 'Available'),
('PK721', 'Faisalabad', 'Dubai', '11:00 PM', '2:00 AM', '3h', 80000.00, 'Available'),
('PK722', 'Dubai', 'Faisalabad', '4:00 AM', '7:00 AM', '3h', 80000.00, 'Available'),
('PK723', 'Quetta', 'Doha', '1:00 PM', '3:00 PM', '2h', 90000.00, 'Available'),
('PK724', 'Doha', 'Quetta', '5:00 PM', '7:00 PM', '2h', 90000.00, 'Available'),
('PK725', 'Skardu', 'Islamabad', '6:00 AM', '7:00 AM', '1h', 25000.00, 'Available'),
('PK726', 'Islamabad', 'Skardu', '8:00 AM', '9:00 AM', '1h', 25000.00, 'Available'),
('PK727', 'Sialkot', 'Jeddah', '10:00 PM', '2:00 AM', '4h', 95000.00, 'Available'),
('PK728', 'Jeddah', 'Sialkot', '3:00 AM', '7:00 AM', '4h', 95000.00, 'Available'),
('PK729', 'Gilgit', 'Skardu', '1:00 PM', '1:30 PM', '30m', 10000.00, 'Available'),
('PK730', 'Skardu', 'Gilgit', '2:00 PM', '2:30 PM', '30m', 10000.00, 'Available'),
('PK731', 'Karachi', 'Doha', '8:00 PM', '10:00 PM', '2h', 88000.00, 'Available'),
('PK732', 'Doha', 'Karachi', '11:00 PM', '1:00 AM', '2h', 88000.00, 'Available'),
('PK733', 'Lahore', 'London', '9:00 AM', '4:00 PM', '7h', 130000.00, 'Available'),
('PK734', 'London', 'Lahore', '6:00 PM', '1:00 AM', '7h', 130000.00, 'Available'),
('PK735', 'Multan', 'Jeddah', '7:00 AM', '11:00 AM', '4h', 92000.00, 'Available'),
('PK736', 'Jeddah', 'Multan', '12:00 PM', '4:00 PM', '4h', 92000.00, 'Available'),
('PK737', 'Islamabad', 'Toronto', '12:00 AM', '6:00 AM', '14h', 175000.00, 'Available'),
('PK738', 'Toronto', 'Islamabad', '8:00 AM', '10:00 PM', '14h', 175000.00, 'Available'),
('PK739', 'Lahore', 'Tokyo', '6:00 AM', '6:00 PM', '12h', 160000.00, 'Available'),
('PK740', 'Tokyo', 'Lahore', '8:00 PM', '8:00 AM', '12h', 160000.00, 'Available'),
('PK741', 'Karachi', 'Bangkok', '2:00 AM', '8:00 AM', '6h', 105000.00, 'Available'),
('PK742', 'Bangkok', 'Karachi', '10:00 AM', '4:00 PM', '6h', 105000.00, 'Available'),
('PK743', 'Gwadar', 'Muscat', '5:00 PM', '6:30 PM', '1h30m', 85000.00, 'Available'),
('PK744', 'Muscat', 'Gwadar', '7:30 PM', '9:00 PM', '1h30m', 85000.00, 'Available'),
('PK745', 'Faisalabad', 'Sharjah', '4:00 AM', '7:00 AM', '3h', 78000.00, 'Available'),
('PK746', 'Sharjah', 'Faisalabad', '8:00 AM', '11:00 AM', '3h', 78000.00, 'Available'),
('PK747', 'Sukkur', 'Karachi', '9:00 AM', '10:00 AM', '1h', 16000.00, 'Available'),
('PK748', 'Karachi', 'Sukkur', '5:00 PM', '6:00 PM', '1h', 16000.00, 'Available'),
('PK749', 'Dera Ghazi Khan', 'Lahore', '7:00 AM', '8:15 AM', '1h15m', 18500.00, 'Available'),
('PK750', 'Lahore', 'Dera Ghazi Khan', '9:00 AM', '10:15 AM', '1h15m', 18500.00, 'Available');

CREATE TABLE IF NOT EXISTS passengers (
    passenger_id VARCHAR(10) PRIMARY KEY,
    name VARCHAR(100) NOT NULL,
    email VARCHAR(100) NOT NULL,
    phone VARCHAR(20) NOT NULL,
    flight_no VARCHAR(10) NOT NULL,
    departure_city VARCHAR(50) NOT NULL,
    destination_city VARCHAR(50) NOT NULL,
    boarding_pass VARCHAR(20) NOT NULL,
    seat_no VARCHAR(10) NOT NULL,
    status VARCHAR(20) NOT NULL,
    FOREIGN KEY (flight_no) REFERENCES flights(flight_no)
);

INSERT INTO passengers VALUES
('P001', 'Ahmed Khan', 'ahmed.khan@email.com', '+92-300-1234567', 'PK201', 'Karachi', 'Lahore', 'BP2024001', '12A', 'Confirmed'),
('P002', 'Fatima Ali', 'fatima.ali@email.com', '+92-321-9876543', 'PK150', 'Karachi', 'Dubai', 'BP2024002', '15B', 'Confirmed'),
('P003', 'Usman Siddiqui', 'usman.siddiq@email.com', '+92-345-5555444', 'PK501', 'Karachi', 'London', 'BP2024003', '8C', 'Confirmed'),
('P004', 'Ayesha Malik', 'ayesha.malik@email.com', '+92-333-7777888', 'PK305', 'Islamabad', 'Lahore', 'BP2024004', '22D', 'Confirmed'),
('P005', 'Bilal Zafar', 'bilal.zafar@email.com', '+92-301-1111222', 'PK801', 'Karachi', 'New York', 'BP2024005', '3A', 'Confirmed'),
('P006', 'Zara Hashmi', 'zara.hashmi@email.com', '+92-332-4444555', 'PK902', 'Islamabad', 'Tokyo', 'BP2024006', '18F', 'Confirmed'),
('P007', 'Hassan Raza', 'hassan.raza@email.com', '+92-315-9999000', 'PK102', 'Lahore', 'Karachi', 'BP2024007', '25B', 'Confirmed'),
('P008', 'Maria Javed', 'maria.javed@email.com', '+92-344-2222333', 'PK601', 'Islamabad', 'Paris', 'BP2024008', '11E', 'Confirmed'),
('P009', 'Tariq Mehmood', 'tariq.m@email.com', '+92-334-9876543', 'PK208', 'Islamabad', 'Karachi', 'BP2024009', '5A', 'Confirmed'),
('P010', 'Nida Hussain', 'nida.hussain@email.com', '+92-336-4567890', 'PK410', 'Peshawar', 'Quetta', 'BP2024010', '14C', 'Confirmed'),
('P011', 'Rizwan Ahmed', 'rizwan.ahmed@email.com', '+92-300-0001122', 'PK701', 'Multan', 'Karachi', 'BP2024011', '9D', 'Confirmed'),
('P012', 'Hina Shaikh', 'hina.shaikh@email.com', '+92-321-5544332', 'PK702', 'Karachi', 'Multan', 'BP2024012', '10E', 'Confirmed'),
('P013', 'Junaid Akram', 'junaid.akram@email.com', '+92-333-4567891', 'PK703', 'Faisalabad', 'Lahore', 'BP2024013', '1A', 'Confirmed'),
('P014', 'Mehwish Farooq', 'mehwish.f@email.com', '+92-301-9988776', 'PK704', 'Lahore', 'Faisalabad', 'BP2024014', '2B', 'Confirmed'),
('P015', 'Imran Qureshi', 'imran.q@email.com', '+92-310-6655443', 'PK705', 'Sialkot', 'Karachi', 'BP2024015', '3C', 'Confirmed'),
('P016', 'Alina Noor', 'alina.noor@email.com', '+92-345-1122334', 'PK706', 'Karachi', 'Sialkot', 'BP2024016', '4D', 'Confirmed'),
('P017', 'Yasir Jamal', 'yasir.jamal@email.com', '+92-312-4433221', 'PK707', 'Quetta', 'Islamabad', 'BP2024017', '5E', 'Confirmed'),
('P018', 'Sana Tariq', 'sana.tariq@email.com', '+92-330-7766554', 'PK708', 'Islamabad', 'Quetta', 'BP2024018', '6F', 'Confirmed'),
('P019', 'Furqan Liaqat', 'furqan.liaqat@email.com', '+92-320-9988775', 'PK709', 'Bahawalpur', 'Lahore', 'BP2024019', '7A', 'Confirmed'),
('P020', 'Lubna Shah', 'lubna.shah@email.com', '+92-335-2233445', 'PK710', 'Lahore', 'Bahawalpur', 'BP2024020', '8B', 'Confirmed'),
('P021', 'Waqas Jameel', 'waqas.jameel@email.com', '+92-302-7654321', 'PK711', 'Gilgit', 'Islamabad', 'BP2024021', '9C', 'Confirmed'),
('P022', 'Tania Aslam', 'tania.aslam@email.com', '+92-314-4567893', 'PK712', 'Islamabad', 'Gilgit', 'BP2024022', '10D', 'Confirmed'),
('P023', 'Rehan Afzal', 'rehan.afzal@email.com', '+92-305-9871234', 'PK713', 'Skardu', 'Karachi', 'BP2024023', '11E', 'Confirmed'),
('P024', 'Sabeen Waqar', 'sabeen.waqar@email.com', '+92-337-3214567', 'PK714', 'Karachi', 'Skardu', 'BP2024024', '12F', 'Confirmed'),
('P025', 'Arsalan Niazi', 'arsalan.niazi@email.com', '+92-349-1239876', 'PK715', 'Gwadar', 'Karachi', 'BP2024025', '13A', 'Confirmed'),
('P026', 'Maham Saeed', 'maham.saeed@email.com', '+92-313-7788990', 'PK716', 'Karachi', 'Gwadar', 'BP2024026', '14B', 'Confirmed'),
('P027', 'Faizan Mirza', 'faizan.mirza@email.com', '+92-324-2233441', 'PK717', 'Multan', 'Islamabad', 'BP2024027', '15C', 'Confirmed'),
('P028', 'Kiran Shahid', 'kiran.shahid@email.com', '+92-311-6655774', 'PK718', 'Islamabad', 'Multan', 'BP2024028', '16D', 'Confirmed'),
('P029', 'Owais Rauf', 'owais.rauf@email.com', '+92-326-8899001', 'PK719', 'Peshawar', 'Lahore', 'BP2024029', '17E', 'Confirmed'),
('P030', 'Noor Fatima', 'noor.fatima@email.com', '+92-303-1122110', 'PK720', 'Lahore', 'Peshawar', 'BP2024030', '18F', 'Confirmed'),
('P031', 'Zeeshan Anwar', 'zeeshan.anwar@email.com', '+92-300-7894561', 'PK721', 'Faisalabad', 'Dubai', 'BP2024031', '19A', 'Confirmed'),
('P032', 'Nimra Hadi', 'nimra.hadi@email.com', '+92-321-5678910', 'PK722', 'Dubai', 'Faisalabad', 'BP2024032', '20B', 'Confirmed'),
('P033', 'Irfan Latif', 'irfan.latif@email.com', '+92-345-3456789', 'PK723', 'Quetta', 'Doha', 'BP2024033', '21C', 'Confirmed'),
('P034', 'Malaika Saqlain', 'malaika.saqlain@email.com', '+92-332-8881111', 'PK724', 'Doha', 'Quetta', 'BP2024034', '22D', 'Confirmed'),
('P035', 'Noman Riaz', 'noman.riaz@email.com', '+92-344-9992223', 'PK725', 'Skardu', 'Islamabad', 'BP2024035', '23E', 'Confirmed'),
('P036', 'Sadia Anwar', 'sadia.anwar@email.com', '+92-335-1113333', 'PK726', 'Islamabad', 'Skardu', 'BP2024036', '24F', 'Confirmed'),
('P037', 'Faraz Butt', 'faraz.butt@email.com', '+92-315-5559992', 'PK727', 'Sialkot', 'Jeddah', 'BP2024037', '25A', 'Confirmed'),
('P038', 'Asma Rehman', 'asma.rehman@email.com', '+92-300-4455667', 'PK728', 'Jeddah', 'Sialkot', 'BP2024038', '26B', 'Confirmed'),
('P039', 'Zubair Shahzad', 'zubair.shahzad@email.com', '+92-341-2233224', 'PK729', 'Gilgit', 'Skardu', 'BP2024039', '27C', 'Confirmed'),
('P040', 'Hiba Junaid', 'hiba.junaid@email.com', '+92-320-8899776', 'PK730', 'Skardu', 'Gilgit', 'BP2024040', '28D', 'Confirmed'),
('P041', 'Saad Murtaza', 'saad.murtaza@email.com', '+92-312-1122334', 'PK731', 'Karachi', 'Doha', 'BP2024041', '29E', 'Confirmed'),
('P042', 'Laiba Shahid', 'laiba.shahid@email.com', '+92-313-5566778', 'PK732', 'Doha', 'Karachi', 'BP2024042', '30F', 'Confirmed'),
('P043', 'Arham Waheed', 'arham.waheed@email.com', '+92-334-8887776', 'PK733', 'Lahore', 'London', 'BP2024043', '31A', 'Confirmed'),
('P044', 'Iqra Sadiq', 'iqra.sadiq@email.com', '+92-343-1122446', 'PK734', 'London', 'Lahore', 'BP2024044', '32B', 'Confirmed'),
('P045', 'Taimoor Khattak', 'taimoor.k@email.com', '+92-336-9900112', 'PK735', 'Multan', 'Jeddah', 'BP2024045', '33C', 'Confirmed'),
('P046', 'Hafsa Kamal', 'hafsa.kamal@email.com', '+92-322-1122003', 'PK736', 'Jeddah', 'Multan', 'BP2024046', '34D', 'Confirmed'),
('P047', 'Abdullah Naseer', 'abdullah.naseer@email.com', '+92-340-7766558', 'PK737', 'Islamabad', 'Toronto', 'BP2024047', '35E', 'Confirmed'),
('P048', 'Nashit Awan', 'nashit.awan@email.com', '+92-330-7788991', 'PK738', 'Toronto', 'Islamabad', 'BP2024048', '36F', 'Confirmed'),
('P049', 'Neha Abbas', 'neha.abbas@email.com', '+92-341-1234567', 'PK739', 'Lahore', 'Tokyo', 'BP2024049', '37A', 'Confirmed'),
('P050', 'Adnan Bashir', 'adnan.bashir@email.com', '+92-304-1122331', 'PK740', 'Tokyo', 'Lahore', 'BP2024050', '38B', 'Confirmed'),
('P051', 'Rabia Khalid', 'rabia.khalid@email.com', '+92-345-6677889', 'PK741', 'Karachi', 'Bangkok', 'BP2024051', '39C', 'Confirmed'),
('P052', 'Faisal Mehmood', 'faisal.m@email.com', '+92-333-8899770', 'PK742', 'Bangkok', 'Karachi', 'BP2024052', '40D', 'Confirmed'),
('P053', 'Sanaullah Bhatti', 'sanaullah.bhatti@email.com', '+92-302-1114567', 'PK743', 'Gwadar', 'Muscat', 'BP2024053', '41E', 'Confirmed'),
('P054', 'Mahnoor Riaz', 'mahnoor.riaz@email.com', '+92-331-6547890', 'PK744', 'Muscat', 'Gwadar', 'BP2024054', '42F', 'Confirmed'),
('P055', 'Kashif Imran', 'kashif.imran@email.com', '+92-346-9871230', 'PK745', 'Faisalabad', 'Sharjah', 'BP2024055', '43A', 'Confirmed'),
('P056', 'Zainab Sohail', 'zainab.s@email.com', '+92-344-7896543', 'PK746', 'Sharjah', 'Faisalabad', 'BP2024056', '44B', 'Confirmed'),
('P057', 'Fahad Irshad', 'fahad.irshad@email.com', '+92-321-8899776', 'PK747', 'Sukkur', 'Karachi', 'BP2024057', '45C', 'Confirmed'),
('P058', 'Mariam Shah', 'mariam.shah@email.com', '+92-343-4567892', 'PK748', 'Karachi', 'Sukkur', 'BP2024058', '46D', 'Confirmed'),
('P059', 'Hamza Tariq', 'hamza.tariq@email.com', '+92-345-3322114', 'PK749', 'Dera Ghazi Khan', 'Lahore', 'BP2024059', '47E', 'Confirmed'),
('P060', 'Anum Nisar', 'anum.nisar@email.com', '+92-313-9998881', 'PK750', 'Lahore', 'Dera Ghazi Khan', 'BP2024060', '48F', 'Confirmed');

CREATE TABLE IF NOT EXISTS tickets (
    ticket_number VARCHAR(20) PRIMARY KEY,
    departure_city VARCHAR(50) NOT NULL,
    destination_city VARCHAR(50) NOT NULL,
    departure_date DATE NOT NULL,
    trip_type ENUM('One Way', 'Return') NOT NULL,
    first_name VARCHAR(50) NOT NULL,
    last_name VARCHAR(50) NOT NULL,
    nationality VARCHAR(50) NOT NULL,
    passport_number VARCHAR(20) NOT NULL,
    travel_class ENUM('Economy', 'Business', 'First Class') NOT NULL,
    issue_date TIMESTAMP DEFAULT CURRENT_TIMESTAMP
);

INSERT INTO tickets VALUES 
('AX-87654321', 'Karachi', 'London', '2023-12-15', 'One Way', 'Ali', 'Khan', 'Pakistani', 'AB1234567', 'Economy', NOW()),
('AX-12345678', 'Islamabad', 'Dubai', '2023-12-20', 'Return', 'Sarah', 'Ahmed', 'Pakistani', 'CD8910112', 'Business', NOW()),
('AX-23456789', 'Lahore', 'Istanbul', '2024-01-05', 'One Way', 'Ahmed', 'Raza', 'Pakistani', 'EF1314151', 'First Class', NOW()),
('AX-34567890', 'Karachi', 'Toronto', '2024-02-12', 'Return', 'Fatima', 'Malik', 'Pakistani', 'GH1617181', 'Economy', NOW()),
('PK-11223344', 'Islamabad', 'Manchester', '2024-03-10', 'Return', 'Muhammad', 'Hassan', 'Pakistani', 'PK2019202', 'Business', NOW()),
('PK-22334455', 'Karachi', 'New York', '2024-03-15', 'One Way', 'Ayesha', 'Siddiqui', 'Pakistani', 'PK2122232', 'Economy', NOW()),
('PK-33445566', 'Lahore', 'Paris', '2024-03-18', 'Return', 'Usman', 'Ali', 'Pakistani', 'PK2425262', 'First Class', NOW()),
('PK-44556677', 'Faisalabad', 'Dubai', '2024-03-20', 'One Way', 'Zainab', 'Sheikh', 'Pakistani', 'PK2728293', 'Economy', NOW()),
('PK-55667788', 'Multan', 'Riyadh', '2024-03-22', 'Return', 'Tariq', 'Mahmood', 'Pakistani', 'PK3031323', 'Business', NOW()),
('PK-66778899', 'Peshawar', 'Kabul', '2024-03-25', 'One Way', 'Nadia', 'Iqbal', 'Pakistani', 'PK3334353', 'Economy', NOW()),
('PK-77889900', 'Karachi', 'Bangkok', '2024-04-01', 'Return', 'Shahid', 'Afridi', 'Pakistani', 'PK3637383', 'Business', NOW()),
('PK-88990011', 'Islamabad', 'Beijing', '2024-04-05', 'One Way', 'Rabia', 'Nawaz', 'Pakistani', 'PK3940414', 'Economy', NOW()),
('PK-99001122', 'Lahore', 'Munich', '2024-04-08', 'Return', 'Imran', 'Qureshi', 'Pakistani', 'PK4243444', 'First Class', NOW()),
('PK-10203040', 'Quetta', 'Tehran', '2024-04-10', 'One Way', 'Hina', 'Baloch', 'Pakistani', 'PK4546474', 'Economy', NOW()),
('PK-20304050', 'Sialkot', 'Milan', '2024-04-12', 'Return', 'Waseem', 'Akram', 'Pakistani', 'PK4849505', 'Business', NOW()),
('PK-30405060', 'Karachi', 'Sydney', '2024-04-15', 'One Way', 'Sana', 'Hashmi', 'Pakistani', 'PK5152535', 'Economy', NOW()),
('PK-40506070', 'Islamabad', 'Amsterdam', '2024-04-18', 'Return', 'Bilal', 'Shah', 'Pakistani', 'PK5455565', 'First Class', NOW()),
('PK-50607080', 'Lahore', 'Frankfurt', '2024-04-20', 'One Way', 'Farah', 'Khan', 'Pakistani', 'PK5758596', 'Business', NOW()),
('PK-60708090', 'Gujranwala', 'Doha', '2024-04-22', 'Return', 'Kamran', 'Akmal', 'Pakistani', 'PK6061626', 'Economy', NOW()),
('PK-70809010', 'Rawalpindi', 'Abu Dhabi', '2024-04-25', 'One Way', 'Mahira', 'Butt', 'Pakistani', 'PK6364656', 'Business', NOW()),
('PK-80901020', 'Hyderabad', 'Kuwait City', '2024-04-28', 'Return', 'Fawad', 'Chaudhry', 'Pakistani', 'PK6667686', 'Economy', NOW()),
('PK-90102030', 'Sukkur', 'Muscat', '2024-05-01', 'One Way', 'Aliya', 'Bhutto', 'Pakistani', 'PK6970717', 'First Class', NOW()),
('PK-01020304', 'Sargodha', 'Manama', '2024-05-03', 'Return', 'Shoaib', 'Malik', 'Pakistani', 'PK7273747', 'Business', NOW()),
('PK-11020305', 'Bahawalpur', 'Jeddah', '2024-05-05', 'One Way', 'Kiran', 'Dar', 'Pakistani', 'PK7576777', 'Economy', NOW()),
('PK-21020306', 'Jhang', 'Medina', '2024-05-08', 'Return', 'Azhar', 'Mahmood', 'Pakistani', 'PK7879808', 'Business', NOW()),
('PK-31020307', 'Kasur', 'Sharjah', '2024-05-10', 'One Way', 'Saima', 'Wazed', 'Pakistani', 'PK8182838', 'Economy', NOW()),
('PK-41020308', 'Sheikhupura', 'Ajman', '2024-05-12', 'Return', 'Yasir', 'Shah', 'Pakistani', 'PK8485868', 'First Class', NOW()),
('PK-51020309', 'Okara', 'Ras Al Khaimah', '2024-05-15', 'One Way', 'Rubina', 'Ashraf', 'Pakistani', 'PK8788899', 'Business', NOW()),
('PK-61020310', 'Chiniot', 'Fujairah', '2024-05-18', 'Return', 'Hafeez', 'Malik', 'Pakistani', 'PK9091929', 'Economy', NOW()),
('PK-71020311', 'Mianwali', 'Cairo', '2024-05-20', 'One Way', 'Saira', 'Bano', 'Pakistani', 'PK9394959', 'Business', NOW()),
('IN-12345601', 'Delhi', 'Karachi', '2024-03-12', 'Return', 'Raj', 'Sharma', 'Indian', 'IN1234567', 'Economy', NOW()),
('IN-12345602', 'Mumbai', 'Lahore', '2024-03-14', 'One Way', 'Priya', 'Patel', 'Indian', 'IN2345678', 'Business', NOW()),
('BD-12345603', 'Dhaka', 'Islamabad', '2024-03-16', 'Return', 'Rahman', 'Ahmed', 'Bangladeshi', 'BD3456789', 'Economy', NOW()),
('AF-12345604', 'Kabul', 'Peshawar', '2024-03-19', 'One Way', 'Ahmad', 'Karzai', 'Afghan', 'AF4567890', 'Economy', NOW()),
('IR-12345605', 'Tehran', 'Quetta', '2024-03-21', 'Return', 'Reza', 'Hosseini', 'Iranian', 'IR5678901', 'Business', NOW()),
('CN-12345606', 'Beijing', 'Islamabad', '2024-04-02', 'One Way', 'Wei', 'Zhang', 'Chinese', 'CN6789012', 'First Class', NOW()),
('TR-12345607', 'Istanbul', 'Karachi', '2024-04-04', 'Return', 'Mehmet', 'Ozturk', 'Turkish', 'TR7890123', 'Business', NOW()),
('SA-12345608', 'Riyadh', 'Lahore', '2024-04-06', 'One Way', 'Abdullah', 'Al-Rashid', 'Saudi Arabian', 'SA8901234', 'First Class', NOW()),
('AE-12345609', 'Dubai', 'Karachi', '2024-04-09', 'Return', 'Omar', 'Al-Maktoum', 'Emirati', 'AE9012345', 'Business', NOW()),
('UK-12345610', 'London', 'Islamabad', '2024-04-11', 'One Way', 'James', 'Smith', 'British', 'UK0123456', 'Economy', NOW()),
('US-12345611', 'New York', 'Lahore', '2024-04-13', 'Return', 'Michael', 'Johnson', 'American', 'US1234567', 'First Class', NOW()),
('CA-12345612', 'Toronto', 'Karachi', '2024-04-16', 'One Way', 'Sarah', 'Brown', 'Canadian', 'CA2345678', 'Business', NOW()),
('AU-12345613', 'Sydney', 'Islamabad', '2024-04-19', 'Return', 'David', 'Wilson', 'Australian', 'AU3456789', 'Economy', NOW()),
('FR-12345614', 'Paris', 'Lahore', '2024-04-21', 'One Way', 'Marie', 'Dubois', 'French', 'FR4567890', 'Business', NOW()),
('DE-12345615', 'Frankfurt', 'Karachi', '2024-04-23', 'Return', 'Hans', 'Mueller', 'German', 'DE5678901', 'First Class', NOW()),
('NL-12345616', 'Amsterdam', 'Islamabad', '2024-04-26', 'One Way', 'Anna', 'Van Der Berg', 'Dutch', 'NL6789012', 'Economy', NOW()),
('IT-12345617', 'Milan', 'Lahore', '2024-04-29', 'Return', 'Marco', 'Rossi', 'Italian', 'IT7890123', 'Business', NOW()),
('MY-12345618', 'Kuala Lumpur', 'Karachi', '2024-05-02', 'One Way', 'Ahmad', 'Hassan', 'Malaysian', 'MY8901234', 'Economy', NOW()),
('TH-12345619', 'Bangkok', 'Islamabad', '2024-05-04', 'Return', 'Somchai', 'Prasert', 'Thai', 'TH9012345', 'Business', NOW()),
('SG-12345620', 'Singapore', 'Lahore', '2024-05-06', 'One Way', 'Li', 'Wong', 'Singaporean', 'SG0123456', 'First Class', NOW()),
('JP-12345621', 'Tokyo', 'Karachi', '2024-05-09', 'Return', 'Hiroshi', 'Tanaka', 'Japanese', 'JP1234567', 'Business', NOW()),
('KR-12345622', 'Seoul', 'Islamabad', '2024-05-11', 'One Way', 'Min-Jun', 'Kim', 'South Korean', 'KR2345678', 'Economy', NOW()),
('EG-12345623', 'Cairo', 'Lahore', '2024-05-13', 'Return', 'Ahmed', 'Hassan', 'Egyptian', 'EG3456789', 'Business', NOW()),
('NG-12345624', 'Lagos', 'Karachi', '2024-05-16', 'One Way', 'Chukwu', 'Okafor', 'Nigerian', 'NG4567890', 'Economy', NOW()),
('BR-12345625', 'São Paulo', 'Islamabad', '2024-05-19', 'Return', 'Carlos', 'Silva', 'Brazilian', 'BR5678901', 'First Class', NOW()),
('MX-12345626', 'Mexico City', 'Lahore', '2024-05-21', 'One Way', 'Maria', 'Garcia', 'Mexican', 'MX6789012', 'Business', NOW());

CREATE TABLE IF NOT EXISTS feedback (
    id INT AUTO_INCREMENT PRIMARY KEY,
    name VARCHAR(100) NOT NULL,
    email VARCHAR(100) NOT NULL,
    topic VARCHAR(100) NOT NULL,
    feedback TEXT NOT NULL,
    suggestions TEXT NOT NULL
);

INSERT INTO feedback (name, email, topic, feedback, suggestions) VALUES
('John Smith', 'john.smith@email.com', 'Service Quality', 'The service was below expectations and needs improvement.', 'Please train staff better and improve response times.'),
('Sarah Johnson', 'sarah.j@email.com', 'Product Issue', 'Product arrived damaged and packaging was poor.', 'Use better packaging materials and handle with care.'),
('Mike Davis', 'mike.davis@email.com', 'Billing Problem', 'Incorrect charges on my bill for services not used.', 'Review billing system and provide clear itemized bills.'),
('Emily Brown', 'emily.brown@email.com', 'Customer Support', 'Support team was unhelpful and took too long to respond.', 'Hire more support staff and provide better training.'),
('David Wilson', 'david.w@email.com', 'Website Issues', 'Website is slow and difficult to navigate.', 'Improve website speed and user interface design.'),
('Ali Ahmed Khan', 'ali.khan@gmail.com', 'Flight Delay', 'My flight from Karachi to Dubai was delayed by 3 hours without proper notification. Very disappointing experience.', 'Please implement better communication system for delays and provide compensation for extended delays.'),
('Fatima Siddiqui', 'fatima.siddiqui@yahoo.com', 'Baggage Handling', 'My luggage was damaged during the flight from Islamabad to London. The zipper was broken and items were missing.', 'Improve baggage handling procedures and provide insurance coverage for damaged items.'),
('Muhammad Hassan', 'm.hassan@hotmail.com', 'Seat Comfort', 'The seats in economy class are too cramped and uncomfortable for long flights. My back was aching throughout the journey.', 'Consider upgrading seat design and providing more legroom, especially for international flights.'),
('Ayesha Malik', 'ayesha.malik@gmail.com', 'Food Quality', 'The meal served on the flight was cold and tasteless. Expected much better quality from your airline.', 'Partner with better catering services and ensure meals are served hot and fresh.'),
('Usman Ali', 'usman.ali@outlook.com', 'Check-in Process', 'Online check-in system keeps crashing and airport check-in queues are extremely long. Very frustrating experience.', 'Upgrade your IT systems and open more check-in counters during peak hours.'),
('Zainab Sheikh', 'zainab.sheikh@gmail.com', 'Staff Behavior', 'The cabin crew was rude and unprofessional during my flight from Lahore to Istanbul. They ignored passenger requests.', 'Provide comprehensive customer service training to all staff members and implement feedback monitoring.'),
('Tariq Mahmood', 'tariq.mahmood@yahoo.com', 'Booking System', 'Your online booking system charged my card twice for the same ticket. Had to wait weeks for refund.', 'Fix payment gateway issues and implement real-time transaction monitoring to prevent double charging.'),
('Nadia Iqbal', 'nadia.iqbal@gmail.com', 'Airport Lounge', 'The business class lounge in Karachi airport is overcrowded and lacks basic amenities like clean restrooms.', 'Expand lounge facilities and ensure regular maintenance and cleaning of all areas.'),
('Shahid Afridi', 'shahid.afridi@hotmail.com', 'Flight Cancellation', 'My connecting flight was cancelled without prior notice, causing me to miss an important business meeting.', 'Implement proactive communication for cancellations and provide alternative arrangements immediately.'),
('Rabia Nawaz', 'rabia.nawaz@gmail.com', 'Entertainment System', 'The in-flight entertainment system was not working throughout the 8-hour flight. Very boring journey.', 'Regular maintenance of entertainment systems and provide backup options like magazines or WiFi.'),
('Imran Qureshi', 'imran.qureshi@yahoo.com', 'Pricing Issues', 'Ticket prices fluctuate too much even within the same day. Lack of transparent pricing policy.', 'Implement fair and transparent pricing strategy with clear explanation of price variations.'),
('Hina Baloch', 'hina.baloch@gmail.com', 'Customer Service', 'Called customer service multiple times but no one answered. When finally connected, the agent was not helpful.', 'Increase customer service staff and provide them with proper training and authority to resolve issues.'),
('Waseem Akram', 'waseem.akram@hotmail.com', 'Refund Policy', 'Very complicated and lengthy refund process. Took 2 months to get my money back for a cancelled flight.', 'Simplify refund procedures and process refunds within 7-10 business days maximum.'),
('Sana Hashmi', 'sana.hashmi@gmail.com', 'Mobile App', 'Your mobile app crashes frequently and is very slow. Difficult to manage bookings through the app.', 'Develop a new mobile app with better performance and user-friendly interface.'),
('Bilal Shah', 'bilal.shah@yahoo.com', 'Loyalty Program', 'The frequent flyer program benefits are minimal and difficult to redeem. Not worth participating.', 'Enhance loyalty program with better rewards and easier redemption process.'),
('Farah Khan', 'farah.khan@gmail.com', 'Ground Services', 'Airport ground staff was unprofessional and provided incorrect information about gate changes.', 'Train ground staff properly and ensure they have updated information at all times.'),
('Kamran Akmal', 'kamran.akmal@hotmail.com', 'WiFi Service', 'In-flight WiFi is extremely expensive and very slow. Not worth the money charged.', 'Provide affordable and high-speed WiFi options for passengers.'),
('Mahira Butt', 'mahira.butt@gmail.com', 'Special Assistance', 'Requested wheelchair assistance for elderly parent but service was delayed and unprofessional.', 'Improve special assistance services and train staff to handle elderly and disabled passengers with care.'),
('Fawad Chaudhry', 'fawad.chaudhry@yahoo.com', 'Seat Selection', 'Paid extra for preferred seat but was moved to a different seat without notification or refund.', 'Honor seat selections and provide refunds or alternatives if changes are necessary.'),
('Aliya Bhutto', 'aliya.bhutto@gmail.com', 'Cleanliness', 'The aircraft was dirty with food particles on seats and floors. Restrooms were not properly cleaned.', 'Implement thorough cleaning procedures between flights and regular maintenance checks.'),
('Shoaib Malik', 'shoaib.malik@hotmail.com', 'Temperature Control', 'The cabin temperature was too cold throughout the flight and crew refused to adjust it despite multiple requests.', 'Ensure proper temperature control and train crew to address passenger comfort concerns.'),
('Kiran Dar', 'kiran.dar@gmail.com', 'Boarding Process', 'Boarding was chaotic and disorganized. No clear announcements and passengers were confused about zones.', 'Implement organized boarding procedures with clear announcements and proper queue management.'),
('Azhar Mahmood', 'azhar.mahmood@yahoo.com', 'Cargo Services', 'My cargo shipment was delayed by a week without any tracking updates or communication from your end.', 'Provide real-time tracking for cargo and proactive communication about any delays.'),
('Saima Wazed', 'saima.wazed@gmail.com', 'Travel Insurance', 'The travel insurance offered is overpriced and has too many exclusions. Not comprehensive at all.', 'Partner with better insurance providers and offer comprehensive coverage at reasonable rates.'),
('Yasir Shah', 'yasir.shah@hotmail.com', 'Airport Facilities', 'Islamabad airport facilities managed by your airline are inadequate. Long queues and insufficient seating.', 'Improve airport infrastructure and provide adequate facilities for passenger comfort.'),
('Ahmed Hassan', 'ahmed.hassan@email.ae', 'Service Quality', 'Excellent service from Dubai to Karachi. Cabin crew was very helpful and professional throughout the journey.', 'Continue maintaining high service standards and consider expanding routes in the Middle East.'),
('Raj Sharma', 'raj.sharma@gmail.com', 'Food Options', 'Limited vegetarian options on the Delhi to Lahore flight. Need more variety for different dietary requirements.', 'Expand meal options to cater to various dietary restrictions and preferences.'),
('Wei Zhang', 'wei.zhang@163.com', 'Language Support', 'Cabin crew did not speak Chinese which made communication difficult during the Beijing to Islamabad flight.', 'Provide multilingual staff or translation services for international routes.'),
('James Smith', 'j.smith@gmail.com', 'Punctuality', 'Flight from London to Karachi departed and arrived on time. Appreciate the punctuality and smooth operations.', 'Maintain excellent on-time performance and continue efficient operations.'),
('Maria Garcia', 'maria.garcia@hotmail.com', 'Booking Experience', 'Website is not available in Spanish which made booking difficult for my Mexico City to Lahore trip.', 'Provide website translation in major languages to serve international customers better.'),
('Priya Patel', 'priya.patel@yahoo.in', 'Cultural Sensitivity', 'Appreciate the cultural sensitivity shown by crew during Ramadan. They were very understanding and helpful.', 'Continue training staff on cultural awareness and religious considerations for diverse passengers.'),
('Omar Al-Rashid', 'omar.alrashid@gmail.com', 'Premium Services', 'Business class service from Riyadh to Islamabad exceeded expectations. Excellent hospitality and comfort.', 'Maintain premium service quality and consider introducing first class on major routes.'),
('Anna Van Der Berg', 'anna.vandenberg@email.nl', 'Environmental Concerns', 'Concerned about the environmental impact of flights. Would appreciate more information about your sustainability efforts.', 'Implement and communicate environmental initiatives like carbon offset programs and fuel-efficient aircraft.');

CREATE TABLE IF NOT EXISTS Admins (
    username VARCHAR(50) PRIMARY KEY,
    password VARCHAR(50) NOT NULL,
    full_name VARCHAR(100) NOT NULL
);

INSERT INTO Admins (username, password, full_name) VALUES
('saad', '12345678', 'saad ali'),
('danish', '12345678', 'muhammad danish'),
('air_admin', 'axial@789', 'Air Axial Administrator'),
('ali', '12345678', 'muhammad ali');